safeguard_id,control_id,title,expected_evidence,source_projects,artifact_path,state
1.1,1,Establish and Maintain Detailed Enterprise Asset Inventory,GLPI asset inventory (P9) reconciled with a network scan and the DHCP/AD computer objects,P9;P1,projects/p09-service-desk-cmdb/evidence/public/p09-ph2-reconciliation-result.csv,expected - not present
1.2,1,Address Unauthorized Assets,GLPI reconciliation run showing 0 unknown devices and the process note for quarantine,P9,projects/p09-service-desk-cmdb/evidence/public/p09-ph2-reconciliation-result.csv,expected - not present
2.1,2,Establish and Maintain a Software Inventory,GLPI software inventory export with publisher and version,P9,projects/p09-service-desk-cmdb/evidence/public/p09-ph2-software-inventory-result.csv,expected - not present
2.2,2,Ensure Authorized Software is Currently Supported,Windows 11 readiness report listing unsupported Windows 10 devices and the ESU/exception decision,P4,projects/p04-endpoint-hardening/evidence/public/p04-ph1-win11-readiness-report.pdf,expected - not present
2.3,2,Address Unauthorized Software,GLPI software inventory with the unauthorised-software review column,P9,projects/p09-service-desk-cmdb/evidence/public/p09-ph2-software-inventory-result.csv,expected - not present
3.1,3,Establish and Maintain a Data Management Process,Data Protection section of the P10 policy pack (owner review date and exceptions process),P10,projects/p10-governance/business/p10-policy-pack.md,present
3.2,3,Establish and Maintain a Data Inventory,GLPI asset/data inventory plus the permissions matrix showing Finance and HR data owners,P9;P1,projects/p09-service-desk-cmdb/evidence/public/p09-ph2-asset-inventory-result.csv,expected - not present
3.3,3,Configure Data Access Control Lists,AGDLP permission matrix and the PowerShell ACL audit reporting 0 violations,P1,projects/p01-core-infrastructure/business/p01-permission-matrix.csv,present
3.4,3,Enforce Data Retention,Retention schedule in the P10 policy pack (Finance and HR retention periods),P10,projects/p10-governance/business/p10-policy-pack.md,present
3.5,3,Securely Dispose of Data,Disposal and leaver-data-handling section of the P10 policy pack,P10,projects/p10-governance/business/p10-policy-pack.md,present
3.6,3,Encrypt Data on End-User Devices,BitLocker escrow proof - recovery key stored in AD and a successful recovery test,P4,projects/p04-endpoint-hardening/evidence/public/p04-ph3-bitlocker-escrow-result.png,expected - not present
4.1,4,Establish and Maintain a Secure Configuration Process,P1 GPO baseline plus the as-built document describing the build standard,P1,projects/p01-core-infrastructure/docs/as-built.md,present
4.2,4,Establish and Maintain a Secure Configuration Process for Network Infrastructure,P6 firewall rule matrix and the network standard in the P10 policy pack,P6;P10,projects/p10-governance/business/p10-policy-pack.md,present
4.3,4,Configure Automatic Session Locking on Enterprise Assets,Desktop standards GPO (secure screen saver 600s) evidenced by gpresult on WS01,P1;P4,projects/p01-core-infrastructure/docs/as-built.md,present
4.4,4,Implement and Manage a Firewall on Servers,Segmentation test results showing server ports filtered by the firewall,P6,projects/p06-network-segmentation/evidence/public/p06-ph3-segmentation-results.csv,expected - not present
4.5,4,Implement and Manage a Firewall on End-User Devices,Host firewall baseline in the P4 security baseline and the compliance report,P4,projects/p04-endpoint-hardening/evidence/public/p04-ph2-asr-block-result.png,expected - not present
4.6,4,Securely Manage Enterprise Assets and Software,P9 config-as-code (GPO and firewall configs versioned in Git) with the container compose file,P9,projects/p09-service-desk-cmdb/configs/docker-compose.yml,present
4.7,4,Manage Default Accounts on Enterprise Assets and Software,Windows LAPS GPO settings and the disabled built-in administrator account,P3,projects/p03-ad-security/configs/p03-laps-gpo-settings.conf,present
5.1,5,Establish and Maintain an Inventory of Accounts,P2 account inventory and the quarterly access review report,P2,projects/p02-identity-lifecycle/evidence/public/p02-ph1-account-inventory-result.csv,expected - not present
5.2,5,Use Unique Passwords,Domain password and lockout GPO (14 character minimum) from the P1 baseline,P1,projects/p01-core-infrastructure/docs/as-built.md,present
5.3,5,Disable Dormant Accounts,P2 dormant-account hygiene report (0 stale enabled accounts targeted),P2,projects/p02-identity-lifecycle/evidence/public/p02-ph4-dormant-accounts-result.csv,expected - not present
5.4,5,Restrict Administrator Privileges to Dedicated Administrator Accounts,P3 privileged access tiering model (Tier 0/1/2) with dedicated adm- accounts,P3,projects/p03-ad-security/configs/p03-tiering-model.csv,present
6.1,6,Establish an Access Granting Process,"P1 runbook ""Add a new Halden user"" plus the P2 joiner automation",P1;P2,projects/p01-core-infrastructure/docs/runbooks/add-a-new-user.md,present
6.2,6,Establish an Access Revoking Process,P2 leaver run: account disabled moved to Disabled OU and sessions revoked,P2,projects/p02-identity-lifecycle/evidence/public/p02-ph3-leaver-revocation-result.png,expected - not present
6.3,6,Require MFA for Externally-Exposed Applications,P2 MFA coverage report (Conditional Access enforced for all users),P2,projects/p02-identity-lifecycle/evidence/public/p02-ph5-mfa-coverage-result.png,expected - not present
6.4,6,Require MFA for Remote Network Access,P6 VPN MFA prompt and the RADIUS/NPS decision note,P6,projects/p06-network-segmentation/evidence/public/p06-ph5-vpn-mfa-result.png,expected - not present
6.5,6,Require MFA for Administrative Access,P3 privileged access standard and the MFA-enforced admin sign-in proof,P3,projects/p03-ad-security/evidence/public/p03-ph5-laps-access-denied-result.png,expected - not present
7.1,7,Establish and Maintain a Vulnerability Management Process,Vulnerability Management section of the P10 policy pack,P10,projects/p10-governance/business/p10-policy-pack.md,present
7.2,7,Establish and Maintain a Remediation Process,P3 remediation priority rules and the P5 tiering decision record,P3;P5,projects/p03-ad-security/configs/p03-remediation-priority-rules.json,present
7.3,7,Perform Automated Operating System Patch Management,P5 WSUS ring patch compliance report (target 95% within 14 days),P5,projects/p05-vuln-management/evidence/public/p05-ph4-patch-compliance-result.csv,expected - not present
7.4,7,Perform Automated Application Patch Management,P5 application patch coverage from the same ring compliance report,P5,projects/p05-vuln-management/evidence/public/p05-ph4-patch-compliance-result.csv,expected - not present
8.1,8,Establish and Maintain an Audit Log Management Process,Logging and Monitoring section of the P10 policy pack,P10,projects/p10-governance/business/p10-policy-pack.md,present
8.2,8,Collect Audit Logs,P7 Wazuh agents reporting and the enabled security audit policy,P7,projects/p07-siem-incident-response/evidence/public/p07-ph2-wazuh-agents-result.png,expected - not present
8.3,8,Ensure Adequate Audit Log Storage,P7 Wazuh retention and index storage proof (90 days),P7,projects/p07-siem-incident-response/evidence/public/p07-ph3-log-retention-result.png,expected - not present
9.1,9,Ensure Use of Only Fully Supported Browsers and Email Clients,P4 supported-browser baseline in the compliance report,P4,projects/p04-endpoint-hardening/evidence/public/p04-ph1-browser-support-result.png,expected - not present
9.2,9,Use DNS Filtering Services,P6 DNS filtering (AdGuard Home/Quad9) client configuration proof,P6,projects/p06-network-segmentation/evidence/public/p06-ph7-dns-filtering-result.png,expected - not present
10.1,10,Deploy and Maintain Anti-Malware Software,P4 Microsoft Defender status across the fleet in the compliance report,P4,projects/p04-endpoint-hardening/evidence/public/p04-ph2-defender-status-result.png,expected - not present
10.2,10,Configure Automatic Anti-Malware Signature Updates,Defender signature update policy and last-update proof,P4,projects/p04-endpoint-hardening/evidence/public/p04-ph2-defender-status-result.png,expected - not present
10.3,10,Disable Autorun and Autoplay for Removable Media,P4 baseline policy disabling autorun and autoplay,P4,projects/p04-endpoint-hardening/evidence/public/p04-ph2-autorun-disabled-result.png,expected - not present
11.1,11,Establish and Maintain a Data Recovery Process,P8 backup and DR design plus the Backup and Recovery section of the policy pack,P8;P10,projects/p08-backup-dr/docs/diagrams/p08-architecture.svg,present
11.2,11,Perform Automated Backups,P8 weekly automated restore-test history,P8,projects/p08-backup-dr/evidence/public/p08-ph3-restore-test-result.csv,expected - not present
11.3,11,Protect Recovery Data,P8 repository encryption and immutability proof,P8,projects/p08-backup-dr/evidence/public/p08-ph4-immutability-result.png,expected - not present
11.4,11,Establish and Maintain an Isolated Instance of Recovery Data,P8 immutability deletion-refused proof for the isolated offsite copy,P8,projects/p08-backup-dr/evidence/public/p08-ph4-immutability-result.png,expected - not present
12.1,12,Ensure Network Infrastructure is Up-to-Date,P5 firmware patching record for FW01/FW02 and the support review,P5;P6,projects/p05-vuln-management/evidence/public/p05-ph6-firmware-patch-result.csv,expected - not present
14.1,14,Establish and Maintain a Security Awareness Program,Gap: no awareness programme exists yet - tracked in the P10 90-day roadmap,roadmap,projects/p10-governance/evidence/public/p10-ph5-awareness-training-register-result.csv,expected - not present
14.2,14,Train Workforce Members to Recognize Social Engineering Attacks,Gap - future phishing simulation and training register (roadmap item),roadmap,projects/p10-governance/evidence/public/p10-ph5-awareness-training-register-result.csv,expected - not present
14.3,14,Train Workforce Members on Authentication Best Practices,Gap - future training register (roadmap item),roadmap,projects/p10-governance/evidence/public/p10-ph5-awareness-training-register-result.csv,expected - not present
14.4,14,Train Workforce on Data Handling Best Practices,Gap - future training register (roadmap item),roadmap,projects/p10-governance/evidence/public/p10-ph5-awareness-training-register-result.csv,expected - not present
14.5,14,Train Workforce Members on Causes of Unintentional Data Exposure,Gap - future training register (roadmap item),roadmap,projects/p10-governance/evidence/public/p10-ph5-awareness-training-register-result.csv,expected - not present
14.6,14,Train Workforce Members on Recognizing and Reporting Security Incidents,Gap - future training register (roadmap item),roadmap,projects/p10-governance/evidence/public/p10-ph5-awareness-training-register-result.csv,expected - not present
14.7,14,Train Workforce on How to Identify and Report if Their Enterprise Assets are Missing Security Updates,Gap - future training register (roadmap item),roadmap,projects/p10-governance/evidence/public/p10-ph5-awareness-training-register-result.csv,expected - not present
14.8,14,Train Workforce on the Dangers of Connecting to and Transmitting Enterprise Data Over Insecure Networks,Gap - future training register (roadmap item),roadmap,projects/p10-governance/evidence/public/p10-ph5-awareness-training-register-result.csv,expected - not present
15.1,15,Establish and Maintain an Inventory of Service Providers,P9 vendor and licence register with renewal alerts,P9,projects/p09-service-desk-cmdb/evidence/public/p09-ph6-vendor-register-result.csv,expected - not present
17.1,17,Designate Personnel to Manage Incident Handling,P7 incident response roles and the tabletop exercise record,P7,projects/p07-siem-incident-response/evidence/public/p07-ph6-ir-roles-result.md,expected - not present
17.2,17,Establish and Maintain Contact Information for Reporting Security Incidents,P7 incident contact list (internal vendors insurer and authorities),P7,projects/p07-siem-incident-response/evidence/public/p07-ph6-ir-contact-list-result.md,expected - not present
17.3,17,Establish and Maintain an Enterprise Process for Reporting Incidents,P7 incident reporting process plus the ransomware tabletop report,P7,projects/p07-siem-incident-response/evidence/public/p07-ph7-tabletop-report.pdf,expected - not present
