First,Last,Department,Title,Manager,Office,EmployeeID,StartDate
Anum,Hussain,Management,Managing Director,,HQ,1001,2015-12-09
Usman,Qureshi,Management,Operations Director,anum.hussain,HQ,1002,2017-12-04
Salman,Rana,Management,Finance Director,anum.hussain,HQ,1003,2023-02-19
Saad,Ahmed,Management,Sales Director,anum.hussain,HQ,1004,2015-02-07
Sana,Rauf,Management,HR Director,anum.hussain,HQ,1005,2024-01-18
Iqra,Zafar,Finance,Finance Manager,anum.hussain,HQ,1006,2025-12-18
Laiba,Qureshi,Finance,Accountant,iqra.zafar,HQ,1007,2022-10-09
Sara,Naqvi,Finance,Accounts Clerk,iqra.zafar,HQ,1008,2017-12-14
Danish,Mirza,Finance,Payroll Officer,iqra.zafar,HQ,1009,2017-04-25
Danish,Hussain,Finance,Accountant,iqra.zafar,HQ,1010,2016-07-04
Alina,Iqbal,Finance,Accounts Clerk,iqra.zafar,HQ,1011,2024-05-26
Lena,Rana,Finance,Payroll Officer,iqra.zafar,HQ,1012,2022-09-04
Hania,Malik,Finance,Accountant,iqra.zafar,HQ,1013,2023-05-27
Anum,Dar,HR,HR Manager,anum.hussain,HQ,1014,2020-10-07
Asad,Malik,HR,HR Officer,anum.dar,HQ,1015,2015-11-08
Rida,Malik,HR,Recruiter,anum.dar,HQ,1016,2018-02-13
Adil,Javed,HR,HR Officer,anum.dar,HQ,1017,2025-06-06
Farhan,Iqbal,Sales,Sales Manager,anum.hussain,HQ,1018,2018-11-09
Rabia,Lodhi,Sales,Sales Executive,farhan.iqbal,HQ,1019,2025-02-20
Anum,Butt,Sales,Account Manager,farhan.iqbal,HQ,1020,2023-12-08
Noor,Javed,Sales,Sales Executive,farhan.iqbal,HQ,1021,2021-05-21
Rabia,Anwar,Sales,Account Manager,farhan.iqbal,HQ,1022,2018-11-11
Imran,Qureshi,Sales,Sales Executive,farhan.iqbal,HQ,1023,2015-06-13
Adil,Malik,Sales,Account Manager,farhan.iqbal,HQ,1024,2018-10-23
Zoya,Raza,Sales,Sales Executive,farhan.iqbal,HQ,1025,2025-08-13
Haris,Javed,Sales,Account Manager,farhan.iqbal,Remote,1026,2017-05-05
Usman,Rana,Sales,Sales Executive,farhan.iqbal,Remote,1027,2023-09-09
Arslan,Gill,Sales,Account Manager,farhan.iqbal,Remote,1028,2021-10-13
Farhan,Qureshi,Sales,Sales Executive,farhan.iqbal,Remote,1029,2017-09-16
Tariq,Naqvi,Sales,Account Manager,farhan.iqbal,Remote,1030,2015-02-05
Salman,Nawaz,Sales,Sales Executive,farhan.iqbal,Remote,1031,2024-02-13
Hania,Dar,Sales,Account Manager,farhan.iqbal,Remote,1032,2022-09-09
Shan,Khan,Sales,Sales Executive,farhan.iqbal,Remote,1033,2025-12-04
Salman,Anwar,Sales,Account Manager,farhan.iqbal,Remote,1034,2019-11-11
Zain,Chaudhry,Sales,Sales Executive,farhan.iqbal,Remote,1035,2021-03-15
Sara,Rana,Sales,Account Manager,farhan.iqbal,Remote,1036,2019-09-25
Hamza,Rauf,Sales,Sales Executive,farhan.iqbal,Remote,1037,2016-11-10
Anum,Rauf,Operations,Operations Manager,anum.hussain,Warehouse,1038,2024-04-05
Farhan,Naqvi,Operations,Warehouse Operative,anum.rauf,Warehouse,1039,2017-09-25
Owais,Khan,Operations,Forklift Driver,anum.rauf,Warehouse,1040,2024-06-16
Omar,Hussain,Operations,Dispatcher,anum.rauf,Warehouse,1041,2020-05-08
Mahnoor,Malik,Operations,Stock Controller,anum.rauf,Warehouse,1042,2016-12-16
Hira,Naqvi,Operations,Warehouse Operative,anum.rauf,Warehouse,1043,2023-03-05
Bushra,Aslam,Operations,Forklift Driver,anum.rauf,Warehouse,1044,2023-03-09
Owais,Dar,Operations,Dispatcher,anum.rauf,Warehouse,1045,2021-04-18
Komal,Rana,Operations,Stock Controller,anum.rauf,Warehouse,1046,2018-12-10
Rehan,Lodhi,Operations,Warehouse Operative,anum.rauf,Warehouse,1047,2025-06-15
Owais,Javed,Operations,Forklift Driver,anum.rauf,Warehouse,1048,2016-04-08
Hira,Siddiqui,Operations,Dispatcher,anum.rauf,Warehouse,1049,2015-10-18
Sana,Gill,Operations,Stock Controller,anum.rauf,Warehouse,1050,2018-01-03
Asad,Hashmi,Operations,Warehouse Operative,anum.rauf,Warehouse,1051,2015-04-03
Lena,Siddiqui,Operations,Forklift Driver,anum.rauf,Warehouse,1052,2016-09-08
Adil,Lodhi,Operations,Dispatcher,anum.rauf,Warehouse,1053,2022-04-18
Aisha,Rana,Operations,Stock Controller,anum.rauf,Warehouse,1054,2024-10-16
Usman,Aslam,Operations,Warehouse Operative,anum.rauf,Warehouse,1055,2021-04-04
Maya,Lodhi,Operations,Forklift Driver,anum.rauf,Warehouse,1056,2021-06-14
Laiba,Javed,Operations,Dispatcher,anum.rauf,Warehouse,1057,2015-11-21
Haris,Hussain,Operations,Stock Controller,anum.rauf,Warehouse,1058,2015-07-24
Usman,Raza,Operations,Warehouse Operative,anum.rauf,Warehouse,1059,2018-09-15
Aisha,Nawaz,Operations,Forklift Driver,anum.rauf,Warehouse,1060,2017-05-15
Usman,Malik,Operations,Dispatcher,anum.rauf,Warehouse,1061,2022-09-04
Imran,Hashmi,Operations,Stock Controller,anum.rauf,Warehouse,1062,2023-01-03
Komal,Qureshi,Operations,Warehouse Operative,anum.rauf,Warehouse,1063,2017-07-16
Eman,Raza,Operations,Forklift Driver,anum.rauf,Warehouse,1064,2021-01-06
Hania,Khan,Operations,Dispatcher,anum.rauf,Warehouse,1065,2021-05-26
Waqas,Chaudhry,Operations,Stock Controller,anum.rauf,Warehouse,1066,2021-12-24
Shan,Lodhi,Operations,Warehouse Operative,anum.rauf,Warehouse,1067,2022-03-07
Rida,Raza,Operations,Forklift Driver,anum.rauf,Warehouse,1068,2015-10-24
Nida,Ahmed,Operations,Dispatcher,anum.rauf,Warehouse,1069,2020-01-02
Talha,Aslam,Operations,Stock Controller,anum.rauf,Warehouse,1070,2023-09-06
Imran,Rauf,Operations,Warehouse Operative,anum.rauf,Warehouse,1071,2016-03-03
Dua,Malik,Operations,Forklift Driver,anum.rauf,Warehouse,1072,2025-04-13
Zain,Gill,Operations,Dispatcher,anum.rauf,Warehouse,1073,2018-10-20
Lena,Dar,Operations,Stock Controller,anum.rauf,Warehouse,1074,2016-07-22
Talha,Gill,Operations,Warehouse Operative,anum.rauf,Warehouse,1075,2023-06-09
Faisal,Lodhi,Operations,Forklift Driver,anum.rauf,Warehouse,1076,2020-04-09
Rehan,Sheikh,Operations,Dispatcher,anum.rauf,Warehouse,1077,2025-11-10
Waqas,Siddiqui,Operations,Stock Controller,anum.rauf,Warehouse,1078,2016-01-15
Yasir,Gill,Operations,Warehouse Operative,anum.rauf,Warehouse,1079,2016-02-18
Faisal,Rauf,Operations,Forklift Driver,anum.rauf,Warehouse,1080,2019-03-12
Hira,Qureshi,IT,IT Manager,anum.hussain,HQ,1081,2020-05-06
Amna,Anwar,IT,Systems Administrator,hira.qureshi,HQ,1082,2019-10-26
Haris,Rauf,IT,IT Support Officer,hira.qureshi,HQ,1083,2015-11-27
Shan,Chaudhry,IT,Systems Administrator,hira.qureshi,HQ,1084,2025-02-05
Mina,Hussain,IT,IT Support Officer,hira.qureshi,HQ,1085,2016-12-18
