Control,Category,Status
OS build at or above the supported Windows 11 release,Operating system,
BitLocker OS volume fully encrypted,BitLocker,
BitLocker recovery key escrowed to Active Directory,BitLocker,
Defender real-time protection enabled,Windows Defender,
Defender signatures under 24 hours old,Windows Defender,
Defender quick scan within 7 days,Windows Defender,
ASR approved rules all in Block mode,Windows Defender,
ASR rules in Audit mode,Windows Defender,
Controlled Folder Access configured,Windows Defender,
Firewall enabled for the domain profile,Firewall,
Firewall enabled for the private profile,Firewall,
Firewall enabled for the public profile,Firewall,
RDP allowed from the management subnet only,Firewall,
WinRM allowed from the management subnet only,Firewall,
Local Administrators contains approved members only,Privileged access,
No standard user holds local administrator rights,Privileged access,
LAPS-managed password set within 31 days,Privileged access,
Credential Guard running (virtualization-based security),Credential protection,
LSA protection (RunAsPPL) enabled,Credential protection,
PowerShell script block logging enabled,Logging,
PowerShell module logging enabled,Logging,
Pending reboot,Operations,
Last patch installed within 35 days,Operations,
