tier,sla_days,due,overdue,priority_score,host,asset_role,owner,exposure,criticality,cve,cvss,epss,in_kev,ransomware,service,port,title,solution,first_seen,reasons
P0,3,2026-08-07,True,100.0,lnx01,Linux application server and vulnerability scanner,IT,internet,2,CVE-2021-44228,10.0,0.97,True,True,http,8080,Apache Log4j2 JNDI remote code execution (Log4Shell),Upgrade log4j-core to 2.17.1 or later and restart the application.,2026-08-04,listed in CISA KEV (known exploited); KEV entry linked to a known ransomware campaign; internet-facing asset; EPSS 0.97 (elevated exploit probability); CVSS 10.0
P0,3,2026-08-15,True,91.5,lnx01,Linux application server and vulnerability scanner,IT,internet,2,CVE-2023-46604,10.0,0.62,True,True,activemq,61616,Apache ActiveMQ OpenWire remote code execution,Upgrade ActiveMQ to 5.18.3 or later.,2026-08-12,listed in CISA KEV (known exploited); KEV entry linked to a known ransomware campaign; internet-facing asset; EPSS 0.62 (elevated exploit probability); CVSS 10.0
P1,7,2026-08-19,True,87.5,dc01,"Domain controller, DNS, DHCP primary, PDC emulator",IT,internal,3,CVE-2020-1472,10.0,0.9,True,True,netlogon,0,Netlogon elevation of privilege (Zerologon),Apply the August 2020 update and enforce secure channel.,2026-08-12,listed in CISA KEV (known exploited); KEV entry linked to a known ransomware campaign; EPSS 0.90 (elevated exploit probability); CVSS 10.0; business-critical asset (criticality 3)
P1,7,2026-08-10,True,87.5,dc02,"Domain controller, DNS, DHCP failover partner",IT,internal,3,CVE-2020-1472,10.0,0.9,True,True,netlogon,0,Netlogon elevation of privilege (Zerologon),Apply the August 2020 update and enforce secure channel.,2026-08-03,listed in CISA KEV (known exploited); KEV entry linked to a known ransomware campaign; EPSS 0.90 (elevated exploit probability); CVSS 10.0; business-critical asset (criticality 3)
P1,7,2026-08-09,True,86.2,fs01,"File server (DFS-N, FSRM, shadow copies)",IT,internal,3,CVE-2017-0144,8.1,0.94,True,True,smb,445,Microsoft SMBv1 remote code execution (EternalBlue),Disable SMBv1 and apply security update MS17-010.,2026-08-02,listed in CISA KEV (known exploited); KEV entry linked to a known ransomware campaign; EPSS 0.94 (elevated exploit probability); CVSS 8.1; business-critical asset (criticality 3)
P1,7,2026-09-15,True,78.2,ws01,User workstation (policy and compliance test client),Sales,internal,1,CVE-2017-0144,8.1,0.94,True,True,smb,445,Microsoft SMBv1 remote code execution (EternalBlue),Disable SMBv1 and apply security update MS17-010.,2026-09-08,listed in CISA KEV (known exploited); KEV entry linked to a known ransomware campaign; EPSS 0.94 (elevated exploit probability); CVSS 8.1
P1,7,2026-08-11,True,75.8,ws02,Admin workstation (Tier 0 PAW),IT,internal,2,CVE-2023-23397,9.8,0.8,True,False,outlook,0,Microsoft Outlook privilege elevation via calendar reminder,Apply the March 2023 update and block outbound SMB from workstations.,2026-08-04,listed in CISA KEV (known exploited); EPSS 0.80 (elevated exploit probability); CVSS 9.8
P1,7,2026-09-17,True,73.8,ws02,Admin workstation (Tier 0 PAW),IT,internal,2,CVE-2019-0708,9.8,0.72,True,False,rdp,3389,Remote Desktop Services remote code execution (BlueKeep),Apply the RDP security update and require Network Level Authentication.,2026-09-10,listed in CISA KEV (known exploited); EPSS 0.72 (elevated exploit probability); CVSS 9.8
P1,7,2026-08-25,True,44.5,lnx01,Linux application server and vulnerability scanner,IT,internet,2,CVE-2023-38408,9.8,0.55,False,False,ssh,22,OpenSSH ssh-agent PKCS#11 remote code execution,Upgrade OpenSSH and disable SSH agent forwarding.,2026-08-18,internet-facing asset; EPSS 0.55 (elevated exploit probability); CVSS 9.8
P2,30,2026-09-18,True,39.2,lnx01,Linux application server and vulnerability scanner,IT,internet,2,CVE-2024-6387,8.1,0.42,False,False,ssh,22,OpenSSH unauthenticated remote code execution (regreSSHion),Upgrade OpenSSH to 9.8p1 or later.,2026-08-19,internet-facing asset; EPSS 0.42 (elevated exploit probability); CVSS 8.1
P2,30,2026-09-19,True,37.1,lnx01,Linux application server and vulnerability scanner,IT,internet,2,CVE-2023-4911,7.8,0.35,False,False,glibc,0,glibc ld.so buffer overflow (Looney Tunables),Upgrade the distribution glibc package.,2026-08-20,internet-facing asset; EPSS 0.35 (elevated exploit probability); CVSS 7.8
P2,30,2026-09-16,True,33.5,dc01,"Domain controller, DNS, DHCP primary, PDC emulator",IT,internal,3,CVE-2024-38063,9.8,0.55,False,False,ipv6,0,Windows TCP/IP IPv6 remote code execution,Apply the August 2024 cumulative update.,2026-08-17,EPSS 0.55 (elevated exploit probability); CVSS 9.8; business-critical asset (criticality 3)
P2,30,2026-10-02,False,33.5,dc02,"Domain controller, DNS, DHCP failover partner",IT,internal,3,CVE-2024-38063,9.8,0.55,False,False,ipv6,0,Windows TCP/IP IPv6 remote code execution,Apply the August 2024 cumulative update.,2026-09-02,EPSS 0.55 (elevated exploit probability); CVSS 9.8; business-critical asset (criticality 3)
P2,30,2026-09-09,True,33.5,fs01,"File server (DFS-N, FSRM, shadow copies)",IT,internal,3,CVE-2024-38063,9.8,0.55,False,False,ipv6,0,Windows TCP/IP IPv6 remote code execution,Apply the August 2024 cumulative update.,2026-08-10,EPSS 0.55 (elevated exploit probability); CVSS 9.8; business-critical asset (criticality 3)
P2,30,2026-10-03,False,29.5,siem01,Security monitoring (Wazuh manager and indexer),IT,internal,2,CVE-2023-38408,9.8,0.55,False,False,ssh,22,OpenSSH ssh-agent PKCS#11 remote code execution,Upgrade OpenSSH and disable SSH agent forwarding.,2026-09-03,EPSS 0.55 (elevated exploit probability); CVSS 9.8
P2,30,2026-10-06,False,29.5,ws02,Admin workstation (Tier 0 PAW),IT,internal,2,CVE-2024-38063,9.8,0.55,False,False,ipv6,0,Windows TCP/IP IPv6 remote code execution,Apply the August 2024 cumulative update.,2026-09-06,EPSS 0.55 (elevated exploit probability); CVSS 9.8
P2,30,2026-10-10,False,28.2,bkp01,Backup repository,IT,internal,3,CVE-2024-6387,8.1,0.42,False,False,ssh,22,OpenSSH unauthenticated remote code execution (regreSSHion),Upgrade OpenSSH to 9.8p1 or later.,2026-09-10,EPSS 0.42 (elevated exploit probability); CVSS 8.1; business-critical asset (criticality 3)
P2,30,2026-10-21,False,26.1,bkp01,Backup repository,IT,internal,3,CVE-2023-4911,7.8,0.35,False,False,glibc,0,glibc ld.so buffer overflow (Looney Tunables),Upgrade the distribution glibc package.,2026-09-21,EPSS 0.35 (elevated exploit probability); CVSS 7.8; business-critical asset (criticality 3)
P2,30,2026-09-01,True,24.9,dc01,"Domain controller, DNS, DHCP primary, PDC emulator",IT,internal,3,CVE-2022-30190,7.8,0.3,False,False,msdt,0,Windows Support Diagnostic Tool remote code execution (Follina),Apply the June 2022 update and disable the MSDT URL protocol.,2026-08-02,EPSS 0.30 (elevated exploit probability); CVSS 7.8; business-critical asset (criticality 3)
P2,30,2026-09-07,True,24.9,dc02,"Domain controller, DNS, DHCP failover partner",IT,internal,3,CVE-2022-30190,7.8,0.3,False,False,msdt,0,Windows Support Diagnostic Tool remote code execution (Follina),Apply the June 2022 update and disable the MSDT URL protocol.,2026-08-08,EPSS 0.30 (elevated exploit probability); CVSS 7.8; business-critical asset (criticality 3)
P2,30,2026-10-05,False,24.9,fs01,"File server (DFS-N, FSRM, shadow copies)",IT,internal,3,CVE-2022-30190,7.8,0.3,False,False,msdt,0,Windows Support Diagnostic Tool remote code execution (Follina),Apply the June 2022 update and disable the MSDT URL protocol.,2026-09-05,EPSS 0.30 (elevated exploit probability); CVSS 7.8; business-critical asset (criticality 3)
P2,30,2026-09-08,True,22.1,siem01,Security monitoring (Wazuh manager and indexer),IT,internal,2,CVE-2023-4911,7.8,0.35,False,False,glibc,0,glibc ld.so buffer overflow (Looney Tunables),Upgrade the distribution glibc package.,2026-08-09,EPSS 0.35 (elevated exploit probability); CVSS 7.8
P2,30,2026-10-05,False,18.4,ws02,Admin workstation (Tier 0 PAW),IT,internal,2,CVE-2023-21768,7.8,0.2,False,False,afd,0,Windows Ancillary Function Driver for WinSock elevation of privilege,Apply the January 2023 cumulative update.,2026-09-05,EPSS 0.20 (elevated exploit probability); CVSS 7.8
P2,30,2026-09-24,True,18.1,ops01,"Tools host (GLPI, BookStack, Uptime Kuma)",IT,internal,1,CVE-2023-4911,7.8,0.35,False,False,glibc,0,glibc ld.so buffer overflow (Looney Tunables),Upgrade the distribution glibc package.,2026-08-25,EPSS 0.35 (elevated exploit probability); CVSS 7.8
P2,30,2026-09-22,True,16.9,ws01,User workstation (policy and compliance test client),Sales,internal,1,CVE-2022-30190,7.8,0.3,False,False,msdt,0,Windows Support Diagnostic Tool remote code execution (Follina),Apply the June 2022 update and disable the MSDT URL protocol.,2026-08-23,EPSS 0.30 (elevated exploit probability); CVSS 7.8
P2,30,2026-09-02,True,15.6,ws01,User workstation (policy and compliance test client),Sales,internal,1,CVE-2022-37969,7.8,0.25,False,False,clfs,0,Windows Common Log File System driver elevation of privilege,Apply the September 2022 cumulative update.,2026-08-03,EPSS 0.25 (elevated exploit probability); CVSS 7.8
P3,60,2026-11-04,False,34.2,fw01,"HQ firewall, VPN endpoint and DHCP relay",IT,internet,3,CVE-2023-38802,7.5,0.09,False,False,frr,179,FRRouting BGP daemon denial of service,Upgrade the OPNsense FRR plugin to the fixed release.,2026-09-05,internet-facing asset; CVSS 7.5; business-critical asset (criticality 3)
P3,60,2026-10-15,False,30.0,lnx01,Linux application server and vulnerability scanner,IT,internet,2,CVE-2022-0778,7.5,0.08,False,False,openssl,443,OpenSSL BN_mod_sqrt infinite loop (denial of service),Upgrade OpenSSL to 1.1.1n or 3.0.2 or later.,2026-08-16,internet-facing asset; CVSS 7.5
P3,60,2026-11-21,False,19.0,bkp01,Backup repository,IT,internal,3,CVE-2022-0778,7.5,0.08,False,False,openssl,443,OpenSSL BN_mod_sqrt infinite loop (denial of service),Upgrade OpenSSL to 1.1.1n or 3.0.2 or later.,2026-09-22,CVSS 7.5; business-critical asset (criticality 3)
P3,60,2026-10-13,False,18.2,dc01,"Domain controller, DNS, DHCP primary, PDC emulator",IT,internal,3,CVE-2016-2183,7.5,0.05,False,False,tls,443,"TLS/SSL weak cipher suite (SWEET32, 3DES)",Disable 3DES cipher suites and reissue the certificate.,2026-08-14,CVSS 7.5; business-critical asset (criticality 3)
P3,60,2026-10-18,False,18.2,dc02,"Domain controller, DNS, DHCP failover partner",IT,internal,3,CVE-2016-2183,7.5,0.05,False,False,tls,443,"TLS/SSL weak cipher suite (SWEET32, 3DES)",Disable 3DES cipher suites and reissue the certificate.,2026-08-19,CVSS 7.5; business-critical asset (criticality 3)
P3,60,2026-10-18,False,18.2,fs01,"File server (DFS-N, FSRM, shadow copies)",IT,internal,3,CVE-2016-2183,7.5,0.05,False,False,tls,443,"TLS/SSL weak cipher suite (SWEET32, 3DES)",Disable 3DES cipher suites and reissue the certificate.,2026-08-19,CVSS 7.5; business-critical asset (criticality 3)
P3,60,2026-11-22,False,15.0,siem01,Security monitoring (Wazuh manager and indexer),IT,internal,2,CVE-2022-0778,7.5,0.08,False,False,openssl,443,OpenSSL BN_mod_sqrt infinite loop (denial of service),Upgrade OpenSSL to 1.1.1n or 3.0.2 or later.,2026-09-23,CVSS 7.5
P3,60,2026-11-13,False,14.2,ws02,Admin workstation (Tier 0 PAW),IT,internal,2,CVE-2016-2183,7.5,0.05,False,False,tls,443,"TLS/SSL weak cipher suite (SWEET32, 3DES)",Disable 3DES cipher suites and reissue the certificate.,2026-09-14,CVSS 7.5
P3,60,2026-11-10,False,11.0,ops01,"Tools host (GLPI, BookStack, Uptime Kuma)",IT,internal,1,CVE-2022-0778,7.5,0.08,False,False,openssl,443,OpenSSL BN_mod_sqrt infinite loop (denial of service),Upgrade OpenSSL to 1.1.1n or 3.0.2 or later.,2026-09-11,CVSS 7.5
P3,60,2026-11-16,False,10.2,ws01,User workstation (policy and compliance test client),Sales,internal,1,CVE-2016-2183,7.5,0.05,False,False,tls,443,"TLS/SSL weak cipher suite (SWEET32, 3DES)",Disable 3DES cipher suites and reissue the certificate.,2026-09-17,CVSS 7.5
P4,180,2027-03-20,False,30.1,fw01,"HQ firewall, VPN endpoint and DHCP relay",IT,internet,3,,5.9,0.0,False,False,tls,443,Weak SSL/TLS cipher suites accepted (RC4/3DES),Disable RC4 and 3DES cipher suites; prefer TLS 1.2 or 1.3.,2026-09-21,internet-facing asset; business-critical asset (criticality 3)
P4,180,2027-03-24,False,25.9,lnx01,Linux application server and vulnerability scanner,IT,internet,2,CVE-2018-15473,5.3,0.02,False,False,ssh,22,OpenSSH username enumeration,Upgrade OpenSSH to 7.7 or later.,2026-09-25,internet-facing asset
P4,180,2027-01-30,False,23.0,fw01,"HQ firewall, VPN endpoint and DHCP relay",IT,internet,3,,0.0,0.0,False,False,http,443,OPNsense firmware is out of date: vendor security advisories not applied,"Back up the configuration, then update FW01 to the current OPNsense release.",2026-08-03,internet-facing asset; business-critical asset (criticality 3)
P4,180,2027-02-28,False,14.9,bkp01,Backup repository,IT,internal,3,CVE-2018-15473,5.3,0.02,False,False,ssh,22,OpenSSH username enumeration,Upgrade OpenSSH to 7.7 or later.,2026-09-01,business-critical asset (criticality 3)
P4,180,2027-03-02,False,14.4,dc01,"Domain controller, DNS, DHCP primary, PDC emulator",IT,internal,3,,5.3,0.0,False,False,smb,445,SMB signing is not required (relay and tampering risk),Require SMB signing by Group Policy on servers and workstations.,2026-09-03,business-critical asset (criticality 3)
P4,180,2027-03-01,False,14.4,dc02,"Domain controller, DNS, DHCP failover partner",IT,internal,3,,5.3,0.0,False,False,smb,445,SMB signing is not required (relay and tampering risk),Require SMB signing by Group Policy on servers and workstations.,2026-09-02,business-critical asset (criticality 3)
P4,180,2027-03-17,False,14.4,fs01,"File server (DFS-N, FSRM, shadow copies)",IT,internal,3,,5.3,0.0,False,False,smb,445,SMB signing is not required (relay and tampering risk),Require SMB signing by Group Policy on servers and workstations.,2026-09-18,business-critical asset (criticality 3)
P4,180,2027-01-29,False,10.9,siem01,Security monitoring (Wazuh manager and indexer),IT,internal,2,CVE-2018-15473,5.3,0.02,False,False,ssh,22,OpenSSH username enumeration,Upgrade OpenSSH to 7.7 or later.,2026-08-02,no elevated signal; batched into the routine update cycle
P4,180,2027-02-18,False,10.4,ws02,Admin workstation (Tier 0 PAW),IT,internal,2,,5.3,0.0,False,False,smb,445,SMB signing is not required (relay and tampering risk),Require SMB signing by Group Policy on servers and workstations.,2026-08-22,no elevated signal; batched into the routine update cycle
P4,180,2027-03-11,False,8.0,bkp01,Backup repository,IT,internal,3,,0.0,0.0,False,False,ssh,22,Backup software version is out of date (upstream bug fixes not applied),Upgrade restic/MinIO to the current release in the maintenance window.,2026-09-12,business-critical asset (criticality 3)
P4,180,2027-03-18,False,7.1,ops01,"Tools host (GLPI, BookStack, Uptime Kuma)",IT,internal,1,,5.9,0.0,False,False,tls,443,Weak SSL/TLS cipher suites accepted (RC4/3DES),Disable RC4 and 3DES cipher suites; prefer TLS 1.2 or 1.3.,2026-09-19,no elevated signal; batched into the routine update cycle
P4,180,2027-03-19,False,6.9,ops01,"Tools host (GLPI, BookStack, Uptime Kuma)",IT,internal,1,CVE-2018-15473,5.3,0.02,False,False,ssh,22,OpenSSH username enumeration,Upgrade OpenSSH to 7.7 or later.,2026-09-20,no elevated signal; batched into the routine update cycle
P4,180,2027-03-10,False,0.0,ws01,User workstation (policy and compliance test client),Sales,internal,1,,0.0,0.0,False,False,windows-defender,0,Microsoft Defender definitions are out of date,Update definitions and confirm the WSUS/policy update path.,2026-09-11,no elevated signal; batched into the routine update cycle
