# P10 CIS Controls v8.1 Implementation Group 1 safeguard workbook, 56 safeguards. Applies to projects/p10-governance. Status, evidence and owner columns are empty until a real assessment run; a status of 0-3 is written only after the matching artifact has been seen. Descriptions and titles are short paraphrases for internal planning - the official CIS Controls v8.1 document or the free CIS CSAT tool is authoritative.
safeguard_id,control_id,control_name,safeguard_title,asset_type,security_function,in_scope,before_status,after_status,evidence_source,owner,target_date,notes
1.1,1,Inventory and Control of Enterprise Assets,Establish and Maintain Detailed Enterprise Asset Inventory,Devices,Identify,yes,,,,,,
"1.2",1,Inventory and Control of Enterprise Assets,Address Unauthorized Assets,Devices,Respond,yes,,,,,,
"2.1",2,Inventory and Control of Software Assets,Establish and Maintain a Software Inventory,Software,Identify,yes,,,,,,
"2.2",2,Inventory and Control of Software Assets,Ensure Authorized Software is Currently Supported,Software,Identify,yes,,,,,,
"2.3",2,Inventory and Control of Software Assets,Address Unauthorized Software,Software,Respond,yes,,,,,,
"3.1",3,Data Protection,Establish and Maintain a Data Management Process,Data,Govern,yes,,,,,,
"3.2",3,Data Protection,Establish and Maintain a Data Inventory,Data,Identify,yes,,,,,,
"3.3",3,Data Protection,Configure Data Access Control Lists,Data,Protect,yes,,,,,,
"3.4",3,Data Protection,Enforce Data Retention,Data,Protect,yes,,,,,,
"3.5",3,Data Protection,Securely Dispose of Data,Data,Protect,yes,,,,,,
"3.6",3,Data Protection,Encrypt Data on End-User Devices,Data,Protect,yes,,,,,,
"4.1",4,Secure Configuration of Enterprise Assets and Software,Establish and Maintain a Secure Configuration Process,Documentation,Govern,yes,,,,,,
"4.2",4,Secure Configuration of Enterprise Assets and Software,Establish and Maintain a Secure Configuration Process for Network Infrastructure,Documentation,Govern,yes,,,,,,
"4.3",4,Secure Configuration of Enterprise Assets and Software,Configure Automatic Session Locking on Enterprise Assets,Devices,Protect,yes,,,,,,
"4.4",4,Secure Configuration of Enterprise Assets and Software,Implement and Manage a Firewall on Servers,Devices,Protect,yes,,,,,,
"4.5",4,Secure Configuration of Enterprise Assets and Software,Implement and Manage a Firewall on End-User Devices,Devices,Protect,yes,,,,,,
"4.6",4,Secure Configuration of Enterprise Assets and Software,Securely Manage Enterprise Assets and Software,Devices,Protect,yes,,,,,,
"4.7",4,Secure Configuration of Enterprise Assets and Software,Manage Default Accounts on Enterprise Assets and Software,Users,Protect,yes,,,,,,
"5.1",5,Account Management,Establish and Maintain an Inventory of Accounts,Users,Identify,yes,,,,,,
"5.2",5,Account Management,Use Unique Passwords,Users,Protect,yes,,,,,,
"5.3",5,Account Management,Disable Dormant Accounts,Users,Protect,yes,,,,,,
"5.4",5,Account Management,Restrict Administrator Privileges to Dedicated Administrator Accounts,Users,Protect,yes,,,,,,
"6.1",6,Access Control Management,Establish an Access Granting Process,Documentation,Govern,yes,,,,,,
"6.2",6,Access Control Management,Establish an Access Revoking Process,Documentation,Govern,yes,,,,,,
"6.3",6,Access Control Management,Require MFA for Externally-Exposed Applications,Users,Protect,yes,,,,,,
"6.4",6,Access Control Management,Require MFA for Remote Network Access,Users,Protect,yes,,,,,,
"6.5",6,Access Control Management,Require MFA for Administrative Access,Users,Protect,yes,,,,,,
"7.1",7,Continuous Vulnerability Management,Establish and Maintain a Vulnerability Management Process,Documentation,Govern,yes,,,,,,
"7.2",7,Continuous Vulnerability Management,Establish and Maintain a Remediation Process,Documentation,Govern,yes,,,,,,
"7.3",7,Continuous Vulnerability Management,Perform Automated Operating System Patch Management,Software,Protect,yes,,,,,,
"7.4",7,Continuous Vulnerability Management,Perform Automated Application Patch Management,Software,Protect,yes,,,,,,
"8.1",8,Audit Log Management,Establish and Maintain an Audit Log Management Process,Documentation,Govern,yes,,,,,,
"8.2",8,Audit Log Management,Collect Audit Logs,Data,Detect,yes,,,,,,
"8.3",8,Audit Log Management,Ensure Adequate Audit Log Storage,Data,Protect,yes,,,,,,
"9.1",9,Email and Web Browser Protections,Ensure Use of Only Fully Supported Browsers and Email Clients,Software,Protect,yes,,,,,,
"9.2",9,Email and Web Browser Protections,Use DNS Filtering Services,Devices,Protect,yes,,,,,,
"10.1",10,Malware Defenses,Deploy and Maintain Anti-Malware Software,Devices,Detect,yes,,,,,,
"10.2",10,Malware Defenses,Configure Automatic Anti-Malware Signature Updates,Devices,Protect,yes,,,,,,
"10.3",10,Malware Defenses,Disable Autorun and Autoplay for Removable Media,Devices,Protect,yes,,,,,,
"11.1",11,Data Recovery,Establish and Maintain a Data Recovery Process,Documentation,Govern,yes,,,,,,
"11.2",11,Data Recovery,Perform Automated Backups,Data,Recover,yes,,,,,,
"11.3",11,Data Recovery,Protect Recovery Data,Data,Protect,yes,,,,,,
"11.4",11,Data Recovery,Establish and Maintain an Isolated Instance of Recovery Data,Data,Recover,yes,,,,,,
"12.1",12,Network Infrastructure Management,Ensure Network Infrastructure is Up-to-Date,Network,Protect,yes,,,,,,
"14.1",14,Security Awareness and Skills Training,Establish and Maintain a Security Awareness Program,Documentation,Govern,yes,,,,,,
"14.2",14,Security Awareness and Skills Training,Train Workforce Members to Recognize Social Engineering Attacks,Users,Protect,yes,,,,,,
"14.3",14,Security Awareness and Skills Training,Train Workforce Members on Authentication Best Practices,Users,Protect,yes,,,,,,
"14.4",14,Security Awareness and Skills Training,Train Workforce on Data Handling Best Practices,Users,Protect,yes,,,,,,
"14.5",14,Security Awareness and Skills Training,Train Workforce Members on Causes of Unintentional Data Exposure,Users,Protect,yes,,,,,,
"14.6",14,Security Awareness and Skills Training,Train Workforce Members on Recognizing and Reporting Security Incidents,Users,Protect,yes,,,,,,
"14.7",14,Security Awareness and Skills Training,Train Workforce on How to Identify and Report if Their Enterprise Assets are Missing Security Updates,Users,Protect,yes,,,,,,
"14.8",14,Security Awareness and Skills Training,Train Workforce on the Dangers of Connecting to and Transmitting Enterprise Data Over Insecure Networks,Users,Protect,yes,,,,,,
"15.1",15,Service Provider Management,Establish and Maintain an Inventory of Service Providers,Users,Identify,yes,,,,,,
"17.1",17,Incident Response Management,Designate Personnel to Manage Incident Handling,Users,Respond,yes,,,,,,
"17.2",17,Incident Response Management,Establish and Maintain Contact Information for Reporting Security Incidents,Documentation,Govern,yes,,,,,,
"17.3",17,Incident Response Management,Establish and Maintain an Enterprise Process for Reporting Incidents,Documentation,Govern,yes,,,,,,
