period,kpi_id,kpi_name,value,unit,rag,target,source,as_of,notes
2026-10,KPI-27,"Projects with measured results",0,,red,"10 of 10","projects/*/README.md (## Results tables)",2026-10-02,"0 of 10 projects have any measured result yet: 10 have a results table whose rows read 'not measured' and 0 do not have the table written yet. This is expected before lab execution."
2026-10,KPI-34,"Projects whose README still says 'not measured'",10,,red,"0","projects/*/README.md (## Results tables)",2026-10-02,"p01-core-infrastructure, p02-identity-lifecycle, p03-ad-security, p04-endpoint-hardening, p05-vuln-management, p06-network-segmentation, p07-siem-incident-response, p08-backup-dr, p09-service-desk-cmdb, p10-governance"
2026-10,KPI-28,"Projects by showcase status",{"done": 0, "in-progress": 10, "planned": 0},,informational,,"projects/*/showcase.md frontmatter (status)",2026-10-02,"done: none; in-progress: 10; planned: 0"
2026-10,KPI-35,"Projects carrying the Definition-of-Done template",10,,green,"10","projects/*/README.md",2026-10-02,"0 project(s) still use the placeholder README (write-up pending): none"
2026-10,KPI-29,"Acceptance tests not yet run",95,,red,"0","projects/*/README.md (## Acceptance tests tables)",2026-10-02,"of 97 acceptance-test rows found across the projects; 0 project(s) have not written their acceptance-test table yet and are not counted"
2026-10,KPI-25,"Open Definition-of-Done items",8,,red,"0","PROGRESS.md (Definition of Done table)",2026-10-02,"Run the phases in the lab and record each success criterion with a source file; Fill the acceptance-test tables with real results; Capture evidence into `evidence/raw/`, sanitize into `evidence/public/` …"
2026-10,KPI-30,"Business artifacts authored (Markdown)",61,,informational,,"projects/*/business/*.md",2026-10-02,"PDFs are generated centrally from these Markdown sources"
2026-10,KPI-31,"Automation scripts committed",146,,informational,,"projects/*/scripts/**/*.{ps1,sh,py}",2026-10-02,"9 of 10 projects ship a Python test suite in scripts/tests/"
2026-10,KPI-22,"CIS IG1 implementation %",not measured,%,not measured,"trend up","data/cis-ig1-safeguards.csv (after_status column)",2026-10-02,"0 of 56 safeguards scored - the assessment has not been run yet, so no percentage is reported"
2026-10,KPI-23,"Safeguards with evidence present",16,,red,"56","configs/cis-ig1-evidence-map.csv vs the repository",2026-10-02,"40 of 56 expected evidence artifacts are not in the repository yet (the lab has not been executed)"
2026-10,KPI-18,"Changes recorded",1,,informational,,"data/change-log.csv",2026-10-02,"by type: {'normal': 1}"
2026-10,KPI-19,"Emergency change share",0.0,%,informational,"<= 10%","data/change-log.csv",2026-10-02,"no emergency changes recorded yet"
2026-10,KPI-32,"Changes awaiting approval (unsigned)",1,,informational,"0","data/change-log.csv (approver column empty)",2026-10-02,"0 is expected here: nothing has been approved yet in the lab"
2026-10,KPI-33,"Age of the oldest open change",3,days,informational,,"data/change-log.csv (date_raised column)",2026-10-02,"CHG-2026-001 raised 3 days ago"
2026-10,KPI-26,"Policies approved %",0.0,%,red,"100%","data/policy-register.csv",2026-10-02,"0 of 10 policies carry an approval date (approval blocks are unsigned on purpose)"
2026-10,KPI-24,"Actions closed on time %",null,%,not measured,">= 90%","data/action-tracker.csv",2026-10-02,"no actions recorded yet - the tracker is empty until the projects' reviews produce actions"
2026-10,KPI-36,"Open actions in the tracker",0,,informational,"0","data/action-tracker.csv",2026-10-02,"0 action(s) recorded in total (tracker is empty until reviews happen)"
