# P10 CIS Controls v8.1 IG1 scope and expected-evidence map. Applies to projects/p10-governance (assessment and evidence index). One row per IG1 safeguard (56). "halden_expected_evidence" says how the fictional Halden team intends to evidence the safeguard, naming the P1-P9 build kit it comes from; "artifact_path" is the repo-relative file the evidence index checks for. Paths that do not exist yet are the honest state of an unexecuted lab - the index reports them as "expected, not yet present". Titles and paraphrased descriptions are from the public CIS Controls v8.1 IG1 list; the official document is authoritative.
safeguard_id,control_id,control_name,safeguard_title,description,halden_expected_evidence,source_projects,artifact_path,artifact_kind
1.1,1,Inventory and Control of Enterprise Assets,Establish and Maintain Detailed Enterprise Asset Inventory,Keep a detailed asset inventory with owner department and approval to connect (reviewed twice a year),GLPI asset inventory (P9) reconciled with a network scan and the DHCP/AD computer objects,P9;P1,projects/p09-service-desk-cmdb/evidence/public/p09-ph2-reconciliation-result.csv,csv-report
1.2,1,Inventory and Control of Enterprise Assets,Address Unauthorized Assets,Find and deal with unauthorised assets every week.,GLPI reconciliation run showing 0 unknown devices and the process note for quarantine,P9,projects/p09-service-desk-cmdb/evidence/public/p09-ph2-reconciliation-result.csv,csv-report
2.1,2,Inventory and Control of Software Assets,Establish and Maintain a Software Inventory,Keep a detailed inventory of installed licensed software; review twice a year.,GLPI software inventory export with publisher and version,P9,projects/p09-service-desk-cmdb/evidence/public/p09-ph2-software-inventory-result.csv,csv-report
2.2,2,Inventory and Control of Software Assets,Ensure Authorized Software is Currently Supported,Only authorise supported software; document exceptions; review monthly.,Windows 11 readiness report listing unsupported Windows 10 devices and the ESU/exception decision,P4,projects/p04-endpoint-hardening/evidence/public/p04-ph1-win11-readiness-report.pdf,pdf
2.3,2,Inventory and Control of Software Assets,Address Unauthorized Software,Remove unauthorised software or record an exception; review monthly.,GLPI software inventory with the unauthorised-software review column,P9,projects/p09-service-desk-cmdb/evidence/public/p09-ph2-software-inventory-result.csv,csv-report
3.1,3,Data Protection,Establish and Maintain a Data Management Process,Documented data management process covering sensitivity owners handling retention and disposal; review annually.,Data Protection section of the P10 policy pack (owner review date and exceptions process),P10,projects/p10-governance/business/p10-policy-pack.md,md
3.2,3,Data Protection,Establish and Maintain a Data Inventory,Keep a data inventory based on that process; prioritise sensitive data.,GLPI asset/data inventory plus the permissions matrix showing Finance and HR data owners,P9;P1,projects/p09-service-desk-cmdb/evidence/public/p09-ph2-asset-inventory-result.csv,csv-report
3.3,3,Data Protection,Configure Data Access Control Lists,Apply need-to-know access control lists to files databases and applications.,AGDLP permission matrix and the PowerShell ACL audit reporting 0 violations,P1,projects/p01-core-infrastructure/business/p01-permission-matrix.csv,csv
3.4,3,Data Protection,Enforce Data Retention,Retain data with minimum and maximum periods from the documented process.,Retention schedule in the P10 policy pack (Finance and HR retention periods),P10,projects/p10-governance/business/p10-policy-pack.md,md
3.5,3,Data Protection,Securely Dispose of Data,Dispose of data securely using a method proportionate to sensitivity.,Disposal and leaver-data-handling section of the P10 policy pack,P10,projects/p10-governance/business/p10-policy-pack.md,md
3.6,3,Data Protection,Encrypt Data on End-User Devices,Encrypt sensitive data on end-user devices (BitLocker/FileVault/dm-crypt).,BitLocker escrow proof - recovery key stored in AD and a successful recovery test,P4,projects/p04-endpoint-hardening/evidence/public/p04-ph3-bitlocker-escrow-result.png,png
4.1,4,Secure Configuration of Enterprise Assets and Software,Establish and Maintain a Secure Configuration Process,Documented secure configuration process for assets and software; review annually.,P1 GPO baseline plus the as-built document describing the build standard,P1,projects/p01-core-infrastructure/docs/as-built.md,md
4.2,4,Secure Configuration of Enterprise Assets and Software,Establish and Maintain a Secure Configuration Process for Network Infrastructure,Documented secure configuration process for network devices; review annually.,P6 firewall rule matrix and the network standard in the P10 policy pack,P6;P10,projects/p10-governance/business/p10-policy-pack.md,md
4.3,4,Secure Configuration of Enterprise Assets and Software,Configure Automatic Session Locking on Enterprise Assets,Lock sessions after at most 15 minutes (2 minutes on mobile).,Desktop standards GPO (secure screen saver 600s) evidenced by gpresult on WS01,P1;P4,projects/p01-core-infrastructure/docs/as-built.md,md
4.4,4,Secure Configuration of Enterprise Assets and Software,Implement and Manage a Firewall on Servers,Implement and manage a host firewall on servers.,Segmentation test results showing server ports filtered by the firewall,P6,projects/p06-network-segmentation/evidence/public/p06-ph3-segmentation-results.csv,csv-report
4.5,4,Secure Configuration of Enterprise Assets and Software,Implement and Manage a Firewall on End-User Devices,Implement a default-deny host firewall on end-user devices.,Host firewall baseline in the P4 security baseline and the compliance report,P4,projects/p04-endpoint-hardening/evidence/public/p04-ph2-asr-block-result.png,png
4.6,4,Secure Configuration of Enterprise Assets and Software,Securely Manage Enterprise Assets and Software,Manage configuration through version control and secure protocols (SSH/HTTPS).,P9 config-as-code (GPO and firewall configs versioned in Git) with the container compose file,P9,projects/p09-service-desk-cmdb/configs/docker-compose.yml,yml
4.7,4,Secure Configuration of Enterprise Assets and Software,Manage Default Accounts on Enterprise Assets and Software,Disable or make unusable default accounts such as root and built-in administrator.,Windows LAPS GPO settings and the disabled built-in administrator account,P3,projects/p03-ad-security/configs/p03-laps-gpo-settings.conf,conf
5.1,5,Account Management,Establish and Maintain an Inventory of Accounts,Keep an inventory of user admin and service accounts; validate at least quarterly.,P2 account inventory and the quarterly access review report,P2,projects/p02-identity-lifecycle/evidence/public/p02-ph1-account-inventory-result.csv,csv-report
5.2,5,Account Management,Use Unique Passwords,Use unique passwords everywhere (8+ with MFA 14+ without).,Domain password and lockout GPO (14 character minimum) from the P1 baseline,P1,projects/p01-core-infrastructure/docs/as-built.md,md
5.3,5,Account Management,Disable Dormant Accounts,Delete or disable dormant accounts after 45 days.,P2 dormant-account hygiene report (0 stale enabled accounts targeted),P2,projects/p02-identity-lifecycle/evidence/public/p02-ph4-dormant-accounts-result.csv,csv-report
5.4,5,Account Management,Restrict Administrator Privileges to Dedicated Administrator Accounts,Restrict admin rights to dedicated admin accounts and use standard accounts for daily work.,P3 privileged access tiering model (Tier 0/1/2) with dedicated adm- accounts,P3,projects/p03-ad-security/configs/p03-tiering-model.csv,csv
6.1,6,Access Control Management,Establish an Access Granting Process,Documented (preferably automated) process to grant access on join or role change.,P1 runbook "Add a new Halden user" plus the P2 joiner automation,P1;P2,projects/p01-core-infrastructure/docs/runbooks/add-a-new-user.md,md
6.2,6,Access Control Management,Establish an Access Revoking Process,Documented (preferably automated) process to revoke access immediately on leaving or role change.,P2 leaver run: account disabled moved to Disabled OU and sessions revoked,P2,projects/p02-identity-lifecycle/evidence/public/p02-ph3-leaver-revocation-result.png,png
6.3,6,Access Control Management,Require MFA for Externally-Exposed Applications,Require MFA for all externally exposed applications.,P2 MFA coverage report (Conditional Access enforced for all users),P2,projects/p02-identity-lifecycle/evidence/public/p02-ph5-mfa-coverage-result.png,png
6.4,6,Access Control Management,Require MFA for Remote Network Access,Require MFA for remote network access.,P6 VPN MFA prompt and the RADIUS/NPS decision note,P6,projects/p06-network-segmentation/evidence/public/p06-ph5-vpn-mfa-result.png,png
6.5,6,Access Control Management,Require MFA for Administrative Access,Require MFA for all administrative access.,P3 privileged access standard and the MFA-enforced admin sign-in proof,P3,projects/p03-ad-security/evidence/public/p03-ph5-laps-access-denied-result.png,png
7.1,7,Continuous Vulnerability Management,Establish and Maintain a Vulnerability Management Process,Documented vulnerability management process; review annually.,Vulnerability Management section of the P10 policy pack,P10,projects/p10-governance/business/p10-policy-pack.md,md
7.2,7,Continuous Vulnerability Management,Establish and Maintain a Remediation Process,Documented risk-based remediation process reviewed monthly.,P3 remediation priority rules and the P5 tiering decision record,P3;P5,projects/p03-ad-security/configs/p03-remediation-priority-rules.json,json
7.3,7,Continuous Vulnerability Management,Perform Automated Operating System Patch Management,Patch operating systems via automated management at least monthly.,P5 WSUS ring patch compliance report (target 95% within 14 days),P5,projects/p05-vuln-management/evidence/public/p05-ph4-patch-compliance-result.csv,csv-report
7.4,7,Continuous Vulnerability Management,Perform Automated Application Patch Management,Patch applications via automated management at least monthly.,P5 application patch coverage from the same ring compliance report,P5,projects/p05-vuln-management/evidence/public/p05-ph4-patch-compliance-result.csv,csv-report
8.1,8,Audit Log Management,Establish and Maintain an Audit Log Management Process,Documented audit log management process covering collection review retention; review annually.,Logging and Monitoring section of the P10 policy pack,P10,projects/p10-governance/business/p10-policy-pack.md,md
8.2,8,Audit Log Management,Collect Audit Logs,Collect audit logs and confirm logging is enabled.,P7 Wazuh agents reporting and the enabled security audit policy,P7,projects/p07-siem-incident-response/evidence/public/p07-ph2-wazuh-agents-result.png,png
8.3,8,Audit Log Management,Ensure Adequate Audit Log Storage,Ensure log destinations have adequate storage.,P7 Wazuh retention and index storage proof (90 days),P7,projects/p07-siem-incident-response/evidence/public/p07-ph3-log-retention-result.png,png
9.1,9,Email and Web Browser Protections,Ensure Use of Only Fully Supported Browsers and Email Clients,Use only fully supported browsers and email clients at current versions.,P4 supported-browser baseline in the compliance report,P4,projects/p04-endpoint-hardening/evidence/public/p04-ph1-browser-support-result.png,png
9.2,9,Email and Web Browser Protections,Use DNS Filtering Services,Use DNS filtering on all end-user devices to block malicious domains.,P6 DNS filtering (AdGuard Home/Quad9) client configuration proof,P6,projects/p06-network-segmentation/evidence/public/p06-ph7-dns-filtering-result.png,png
10.1,10,Malware Defenses,Deploy and Maintain Anti-Malware Software,Deploy and maintain anti-malware software on all assets.,P4 Microsoft Defender status across the fleet in the compliance report,P4,projects/p04-endpoint-hardening/evidence/public/p04-ph2-defender-status-result.png,png
10.2,10,Malware Defenses,Configure Automatic Anti-Malware Signature Updates,Configure automatic anti-malware signature updates.,Defender signature update policy and last-update proof,P4,projects/p04-endpoint-hardening/evidence/public/p04-ph2-defender-status-result.png,png
10.3,10,Malware Defenses,Disable Autorun and Autoplay for Removable Media,Disable autorun and autoplay for removable media.,P4 baseline policy disabling autorun and autoplay,P4,projects/p04-endpoint-hardening/evidence/public/p04-ph2-autorun-disabled-result.png,png
11.1,11,Data Recovery,Establish and Maintain a Data Recovery Process,Documented data recovery process covering scope priority and backup security; review annually.,P8 backup and DR design plus the Backup and Recovery section of the policy pack,P8;P10,projects/p08-backup-dr/docs/diagrams/p08-architecture.svg,svg
11.2,11,Data Recovery,Perform Automated Backups,Automated backups of in-scope assets at least weekly.,P8 weekly automated restore-test history,P8,projects/p08-backup-dr/evidence/public/p08-ph3-restore-test-result.csv,csv-report
11.3,11,Data Recovery,Protect Recovery Data,Protect recovery data with equivalent controls (encryption or separation).,P8 repository encryption and immutability proof,P8,projects/p08-backup-dr/evidence/public/p08-ph4-immutability-result.png,png
11.4,11,Data Recovery,Establish and Maintain an Isolated Instance of Recovery Data,Keep an isolated instance of recovery data (offline or off-site).,P8 immutability deletion-refused proof for the isolated offsite copy,P8,projects/p08-backup-dr/evidence/public/p08-ph4-immutability-result.png,png
12.1,12,Network Infrastructure Management,Ensure Network Infrastructure is Up-to-Date,Keep network infrastructure up to date and verify support monthly.,P5 firmware patching record for FW01/FW02 and the support review,P5;P6,projects/p05-vuln-management/evidence/public/p05-ph6-firmware-patch-result.csv,csv-report
14.1,14,Security Awareness and Skills Training,Establish and Maintain a Security Awareness Program,Maintain a security awareness programme with training at hire and annually,Gap: no awareness programme exists yet - tracked in the P10 90-day roadmap,roadmap,projects/p10-governance/evidence/public/p10-ph5-awareness-training-register-result.csv,csv-report
14.2,14,Security Awareness and Skills Training,Train Workforce Members to Recognize Social Engineering Attacks,Train staff to recognise phishing BEC pretexting and tailgating.,Gap - future phishing simulation and training register (roadmap item),roadmap,projects/p10-governance/evidence/public/p10-ph5-awareness-training-register-result.csv,csv-report
14.3,14,Security Awareness and Skills Training,Train Workforce Members on Authentication Best Practices,Train staff on MFA password composition and credential handling.,Gap - future training register (roadmap item),roadmap,projects/p10-governance/evidence/public/p10-ph5-awareness-training-register-result.csv,csv-report
14.4,14,Security Awareness and Skills Training,Train Workforce on Data Handling Best Practices,Train staff on storing transferring archiving destroying sensitive data and clear screen desk.,Gap - future training register (roadmap item),roadmap,projects/p10-governance/evidence/public/p10-ph5-awareness-training-register-result.csv,csv-report
14.5,14,Security Awareness and Skills Training,Train Workforce Members on Causes of Unintentional Data Exposure,Train staff on mis-delivery lost devices and wrong-audience exposure.,Gap - future training register (roadmap item),roadmap,projects/p10-governance/evidence/public/p10-ph5-awareness-training-register-result.csv,csv-report
14.6,14,Security Awareness and Skills Training,Train Workforce Members on Recognizing and Reporting Security Incidents,Train staff to recognise and report potential incidents.,Gap - future training register (roadmap item),roadmap,projects/p10-governance/evidence/public/p10-ph5-awareness-training-register-result.csv,csv-report
14.7,14,Security Awareness and Skills Training,Train Workforce on How to Identify and Report if Their Enterprise Assets are Missing Security Updates,Train staff to spot and report missing updates or failed patch automation.,Gap - future training register (roadmap item),roadmap,projects/p10-governance/evidence/public/p10-ph5-awareness-training-register-result.csv,csv-report
14.8,14,Security Awareness and Skills Training,Train Workforce on the Dangers of Connecting to and Transmitting Enterprise Data Over Insecure Networks,Train staff on the risks of insecure networks including home networks.,Gap - future training register (roadmap item),roadmap,projects/p10-governance/evidence/public/p10-ph5-awareness-training-register-result.csv,csv-report
15.1,15,Service Provider Management,Establish and Maintain an Inventory of Service Providers,Keep an inventory of service providers with classification and internal contact; review annually.,P9 vendor and licence register with renewal alerts,P9,projects/p09-service-desk-cmdb/evidence/public/p09-ph6-vendor-register-result.csv,csv-report
17.1,17,Incident Response Management,Designate Personnel to Manage Incident Handling,Designate one person and a backup to manage incident handling; review annually.,P7 incident response roles and the tabletop exercise record,P7,projects/p07-siem-incident-response/evidence/public/p07-ph6-ir-roles-result.md,md
17.2,17,Incident Response Management,Establish and Maintain Contact Information for Reporting Security Incidents,Maintain contact information for everyone who must be informed of an incident.,P7 incident contact list (internal vendors insurer and authorities),P7,projects/p07-siem-incident-response/evidence/public/p07-ph6-ir-contact-list-result.md,md
17.3,17,Incident Response Management,Establish and Maintain an Enterprise Process for Reporting Incidents,Publish a documented process for staff to report incidents (how who when).,P7 incident reporting process plus the ransomware tabletop report,P7,projects/p07-siem-incident-response/evidence/public/p07-ph7-tabletop-report.pdf,pdf
